qid,groundtruth,CorrectCause
1,A,1.0
2,C,1.0
3,A,1.0
4,A,1.0
5,B,1.0
6,A,1.0
7,C,1.0
8,D,1.0
9,B,1.0
10,C,1.0
11,B,1.0
12,D,1.0
13,A,1.0
14,B,1.0
15,B,1.0
16,A,0.0
17,B,1.0
18,C,1.0
19,B,0.0
20,D,1.0
21,D,0.0
22,B,1.0
23,C,1.0
24,D,1.0
25,B,0.0
26,A,1.0
27,B,1.0
28,C,1.0
29,C,1.0
30,D,1.0
31,A,1.0
32,B,0.33
33,C,1.0
34,C,1.0
35,D,0.33
36,B,0.33
37,C,1.0
38,C,0.0
39,D,0.0
40,D,0.0
41,A,1.0
42,A,1.0
43,B,1.0
44,B,0.33
45,A,1.0
46,D,0.0
47,D,1.0
48,D,1.0
49,B,1.0
50,A,0.33
51,C,1.0
52,C,1.0
53,A,1.0
54,A,1.0
55,C,1.0
56,A,1.0
57,D,1.0
58,B,0.0
59,D,1.0
60,B,1.0
61,A,0.0
62,A,1.0
63,A,0.0
64,B,1.0
65,B,0.0
66,C,1.0
67,B,1.0
68,B,1.0
69,C,1.0
70,B,1.0
71,C,1.0
72,B,1.0
73,B,1.0
74,B,1.0
75,A,1.0
76,C,1.0
77,C,1.0
78,B,1.0
79,B,0.0
80,A,1.0
81,B,0.0
82,C,1.0
83,B,1.0
84,C,1.0
85,C,1.0
86,C,1.0
87,B,1.0
88,B,1.0
89,C,1.0
90,A,1.0
91,B,1.0
92,B,0.0
93,C,0.0
94,B,1.0
95,A,1.0
96,B,1.0
97,A,0.0
98,C,1.0
99,C,1.0
100,B,0.0
101,C,0.0
102,A,1.0
103,B,0.0
104,C,1.0
105,C,1.0
106,C,1.0
107,C,1.0
108,B,1.0
109,B,1.0
110,B,1.0
111,C,1.0
112,B,1.0
113,C,1.0
114,C,1.0
115,B,1.0
116,B,1.0
117,A,1.0
118,A,1.0
119,B,1.0
120,A,1.0
121,B,1.0
122,B,1.0
123,B,1.0
124,B,1.0
125,A,1.0
126,A,1.0
127,A,1.0
128,C,0.0
129,C,0.0
130,C,1.0
131,B,1.0
132,B,1.0
133,A,0.0
134,A,1.0
135,B,1.0
136,B,1.0
137,C,1.0
138,B,1.0
139,B,1.0
140,B,1.0
141,A,1.0
142,A,1.0
143,A,1.0
144,A,1.0
145,C,1.0
146,C,1.0
147,B,1.0
148,C,0.0
149,B,1.0
150,A,0.0
151,C,1.0
152,A,1.0
153,C,1.0
154,A,1.0
155,A,1.0
156,B,0.0
157,B,1.0
158,A,1.0
159,A,1.0
160,C,1.0
161,A,0.0
162,A,1.0
163,B,1.0
164,B,1.0
165,A,1.0
166,A,1.0
167,A,1.0
168,B,0.0
169,B,0.0
170,A,1.0
171,A,1.0
172,C,1.0
173,A,1.0
174,C,1.0
175,A,1.0
176,C,1.0
177,C,1.0
178,C,1.0
179,A,1.0
180,B,1.0
181,C,1.0
182,C,1.0
183,B,1.0
184,B,1.0
185,A,1.0
186,A,1.0
187,B,1.0
188,B,1.0
189,C,1.0
190,A,1.0
191,C,1.0
192,A,1.0
193,C,1.0
194,C,1.0
195,A,1.0
196,C,0.0
197,B,0.0
198,C,1.0
199,A,1.0
200,A,1.0
201,C,1.0
202,A,0.0
203,C,1.0
204,A,1.0
205,C,1.0
206,C,1.0
207,C,1.0
208,B,1.0
209,B,1.0
210,B,1.0
211,B,1.0
212,C,0.0
213,C,0.0
214,C,1.0
215,C,1.0
216,A,1.0
217,B,1.0
218,B,0.0
219,B,1.0
220,B,0.0
221,B,1.0
222,A,1.0
223,B,1.0
224,B,1.0
225,A,1.0
226,B,0.0
227,B,1.0
228,C,1.0
229,A,0.0
230,C,1.0
231,B,1.0
232,B,1.0
233,B,1.0
234,C,1.0
235,A,1.0
236,A,1.0
237,B,0.0
238,C,1.0
239,C,1.0
240,C,1.0
241,B,1.0
242,A,1.0
243,B,1.0
244,A,1.0
245,C,1.0
246,B,1.0
247,B,1.0
248,B,0.0
249,B,1.0
250,A,1.0
251,C,1.0
252,A,1.0
253,A,1.0
254,C,1.0
255,B,1.0
256,C,1.0
257,A,1.0
258,A,1.0
259,A,1.0
260,B,1.0
261,C,1.0
262,C,1.0
263,A,1.0
264,B,1.0
265,C,0.0
266,C,0.0
267,C,1.0
268,C,1.0
269,A,1.0
270,C,1.0
271,C,1.0
272,A,1.0
273,C,1.0
274,C,1.0
