qid,groundtruth
1,A
2,C
3,A
4,A
5,B
6,A
7,C
8,D
9,B
10,C
11,B
12,D
13,A
14,B
15,B
16,A
17,B
18,C
19,B
20,D
21,D
22,B
23,C
24,D
25,B
26,A
27,B
28,C
29,C
30,D
31,A
32,B
33,C
34,C
35,D
36,B
37,C
38,C
39,D
40,D
41,A
42,A
43,B
44,B
45,A
46,D
47,D
48,D
49,B
50,A
51,C
52,C
53,A
54,A
55,C
56,A
57,D
58,B
59,D
60,B
61,A
62,A
63,A
64,B
65,B
66,C
67,B
68,B
69,C
70,B
71,C
72,B
73,B
74,B
75,A
76,C
77,C
78,B
79,B
80,A
81,B
82,C
83,B
84,C
85,C
86,C
87,B
88,B
89,C
90,A
91,B
92,B
93,C
94,B
95,A
96,B
97,A
98,C
99,C
100,B
101,C
102,A
103,B
104,C
105,C
106,C
107,C
108,B
109,B
110,B
111,C
112,B
113,C
114,C
115,B
116,B
117,A
118,A
119,B
120,A
121,B
122,B
123,B
124,B
125,A
126,A
127,A
128,C
129,C
130,C
131,B
132,B
133,A
134,A
135,B
136,B
137,C
138,B
139,B
140,B
141,A
142,A
143,A
144,A
145,C
146,C
147,B
148,C
149,B
150,A
151,C
152,A
153,C
154,A
155,A
156,B
157,B
158,A
159,A
160,C
161,A
162,A
163,B
164,B
165,A
166,A
167,A
168,B
169,B
170,A
171,A
172,C
173,A
174,C
175,A
176,C
177,C
178,C
179,A
180,B
181,C
182,C
183,B
184,B
185,A
186,A
187,B
188,B
189,C
190,A
191,C
192,A
193,C
194,C
195,A
196,C
197,B
198,C
199,A
200,A
201,C
202,A
203,C
204,A
205,C
206,C
207,C
208,B
209,B
210,B
211,B
212,C
213,C
214,C
215,C
216,A
217,B
218,B
219,B
220,B
221,B
222,A
223,B
224,B
225,A
226,B
227,B
228,C
229,A
230,C
231,B
232,B
233,B
234,C
235,A
236,A
237,B
238,C
239,C
240,C
241,B
242,A
243,B
244,A
245,C
246,B
247,B
248,B
249,B
250,A
251,C
252,A
253,A
254,C
255,B
256,C
257,A
258,A
259,A
260,B
261,C
262,C
263,A
264,B
265,C
266,C
267,C
268,C
269,A
270,C
271,C
272,A
273,C
274,C
